"id","label","link","iah_type","alternate_terms"
"sh0000001","African Americans--Folklore","http://id.loc.gov/authorities/subjects/sh85001953","subject heading",
"sh0000002","Huidobro, Vicente, 1893-1948","http://id.loc.gov/authorities/names/n50046033","subject heading",
"sh0000003","Boccaccio, Giovanni, 1313-1375","http://id.loc.gov/authorities/names/n78087605","subject heading",
"sh0000004","Blake, William, 1757-1827","http://id.loc.gov/authorities/names/n78095331","subject heading",
"sh0000005","Venezuela","http://id.loc.gov/authorities/names/n78095508","subject heading",
"sh0000006","Aristotle","http://id.loc.gov/authorities/names/n79004182","subject heading",
"sh0000007","Borges, Jorge Luis, 1899-1986","http://id.loc.gov/authorities/names/n79007035","subject heading",
"sh0000008","Virgil","http://id.loc.gov/authorities/names/n79014062","subject heading",
"sh0000009","Peru","http://id.loc.gov/authorities/names/n79055130","subject heading",
"sh0000010","Cuba","http://id.loc.gov/authorities/names/n79079435","subject heading",
"sh0000011","Cervantes Saavedra, Miguel de, 1547-1616","http://id.loc.gov/authorities/names/n79100233","subject heading",
"sh0000012","Brazil","http://id.loc.gov/authorities/names/n79128015","subject heading",
"sh0000013","French Guiana","http://id.loc.gov/authorities/names/n79128019","subject heading",
"sh0000014","Bali (Indonesia : Province)","http://id.loc.gov/authorities/names/n80015517","subject heading",
"sh0000015","Smith, Adam, 1723-1790","http://id.loc.gov/authorities/names/n80032761","subject heading",
"sh0000016","Xenophon","http://id.loc.gov/authorities/names/n80036673","subject heading",
"sh0000017","Egypt","http://id.loc.gov/authorities/names/n80061791","subject heading",
"sh0000018","India","http://id.loc.gov/authorities/names/n80125948","subject heading",
"sh0000019","England","http://id.loc.gov/authorities/names/n82068148","subject heading",
"sh0000020","France--History--Revolution, 1789-1799","http://id.loc.gov/authorities/subjects/sh85051319","subject heading",
"sh0000021","Explorers in literature","http://id.loc.gov/authorities/subjects/sh94004143","subject heading",
"sh0000022","Popular music--Africa","http://id.loc.gov/authorities/subjects/sh00000684","subject heading",
"sh0000023","Autobiography--African American authors","http://id.loc.gov/authorities/subjects/sh00001232","subject heading",
"sh0000025","Families--Research","http://id.loc.gov/authorities/subjects/sh85047027","subject heading",
"sh0000026","Military history","http://id.loc.gov/authorities/subjects/sh85085207","subject heading",
"sh0000027","Emigration and immigration","http://id.loc.gov/authorities/subjects/sh85042782","subject heading","migration, modern"
"sh0000028","Ethnic conflict","http://id.loc.gov/authorities/subjects/sh00006554","subject heading",
"sh0000029","Race identity","http://id.loc.gov/authorities/subjects/sh00006915","subject heading",
"sh0000030","Transnationalism","http://id.loc.gov/authorities/subjects/sh00009276","subject heading",
"sh0000031","Information visualization","http://id.loc.gov/authorities/subjects/sh2002000243","subject heading",
"sh0000032","Art, Modern--21st century","http://id.loc.gov/authorities/subjects/sh2002000548","subject heading",
"sh0000033","Ecocriticism","http://id.loc.gov/authorities/subjects/sh2002001448","subject heading",
"sh0000034","Anti-globalization movement","http://id.loc.gov/authorities/subjects/sh2002002388","subject heading",
"sh0000035","Other (Philosophy)","http://id.loc.gov/authorities/subjects/sh2002004207","subject heading",
"sh0000036","Material culture","http://id.loc.gov/authorities/subjects/sh85082061","subject heading",
"sh0000038","Politics and government","http://id.loc.gov/authorities/subjects/sh2002011436","subject heading",
"sh0000039","Prose","http://id.loc.gov/authorities/subjects/sh2002011482","subject heading",
"sh0000040","Early modern, 1500-1700","http://id.loc.gov/authorities/subjects/sh2002012479","subject heading",
"sh0000041","Christian conservatism","http://id.loc.gov/authorities/subjects/sh2003001882","subject heading",
"sh0000042","Literatures","http://id.loc.gov/authorities/subjects/sh2003003668","subject heading",
"sh0000043","Actor-network theory","http://id.loc.gov/authorities/subjects/sh2005001263","subject heading",
"sh0000044","Neoliberalism","http://id.loc.gov/authorities/subjects/sh2005001629","subject heading",
"sh0000045","Signs and symbols","http://id.loc.gov/authorities/subjects/sh85122415","subject heading",
"sh0000046","Borderlands","http://id.loc.gov/authorities/subjects/sh2006001296","subject heading",
"sh0000047","Collective memory","http://id.loc.gov/authorities/subjects/sh2006002444","subject heading",
"sh0000048","Space","http://id.loc.gov/authorities/subjects/sh2006003964","subject heading","spatial studies"
"sh0000049","Archaeology of Space","http://id.loc.gov/authorities/subjects/sh2006003964; http://id.loc.gov/authorities/subjects/sh85006507","subject heading",
"sh0000050","Cultural geography","http://id.loc.gov/authorities/subjects/sh2006005978","subject heading",
"sh0000051","Online social networks","http://id.loc.gov/authorities/subjects/sh2006006990","subject heading",
"sh0000052","Transnationalism in literature","http://id.loc.gov/authorities/subjects/sh2007002680","subject heading",
"sh0000053","Computational fluid dynamics","http://id.loc.gov/authorities/subjects/sh2007008173","subject heading",
"sh0000054","American literature--1783-1850--History and criticism","http://id.loc.gov/authorities/subjects/sh2007101035","subject heading",
"sh0000055","American literature--20th century--History and criticism","http://id.loc.gov/authorities/subjects/sh2007101049","subject heading",
"sh0000056","Atlantic Ocean Region","http://id.loc.gov/authorities/subjects/sh2008007717","subject heading",
"sh0000057","Classical literature--History and criticism","http://id.loc.gov/authorities/subjects/sh2008100686","subject heading",
"sh0000058","Culture--Philosophy","http://id.loc.gov/authorities/subjects/sh2008100749","subject heading",
"sh0000059","English literature--Irish authors--History and criticism","http://id.loc.gov/authorities/subjects/sh2008103191","subject heading",
"sh0000060","Greek literature, Hellenistic--History and criticism","http://id.loc.gov/authorities/subjects/sh2008105102","subject heading",
"sh0000061","Latin American literature--History and criticism","http://id.loc.gov/authorities/subjects/sh2008106680","subject heading",
"sh0000062","Musicals--United States--History and criticism","http://id.loc.gov/authorities/subjects/sh2008108039","subject heading",
"sh0000063","Music--Instruction and study--United States","http://id.loc.gov/authorities/subjects/sh2008108115","subject heading",
"sh0000064","Opera--Italy--19th century","http://id.loc.gov/authorities/subjects/sh2008108654","subject heading",
"sh0000065","Political science--Europe--History","http://id.loc.gov/authorities/subjects/sh2008109689","subject heading",
"sh0000066","Political science--Greece--History","http://id.loc.gov/authorities/subjects/sh2008109695","subject heading",
"sh0000067","Popular music--United States--History and criticism","http://id.loc.gov/authorities/subjects/sh2008109794","subject heading",
"sh0000068","Publishers and publishing--China","http://id.loc.gov/authorities/subjects/sh2008110268","subject heading",
"sh0000069","Romances, English--History and criticism","http://id.loc.gov/authorities/subjects/sh2008110696","subject heading",
"sh0000070","Romanticism--Great Britain","http://id.loc.gov/authorities/subjects/sh2008111021","subject heading",
"sh0000071","Social movements--United States","http://id.loc.gov/authorities/subjects/sh2008111779","subject heading",
"sh0000072","State, The--History","http://id.loc.gov/authorities/subjects/sh2008112232","subject heading",
"sh0000073","France--Colonies--History","http://id.loc.gov/authorities/subjects/sh2008115067","subject heading",
"sh0000074","American literature--21st century","http://id.loc.gov/authorities/subjects/sh2008117581","subject heading",
"sh0000075","American literature--Southern States","http://id.loc.gov/authorities/subjects/sh2008117582","subject heading",
"sh0000076","Chinese language--Study and teaching","http://id.loc.gov/authorities/subjects/sh2008117670","subject heading",
"sh0000077","Chinese--Southeast Asia","http://id.loc.gov/authorities/subjects/sh2008117671","subject heading",
"sh0000078","Civilization, Western--History","http://id.loc.gov/authorities/subjects/sh2008117700","subject heading",
"sh0000079","Ethnology--Research","http://id.loc.gov/authorities/subjects/sh2008119909","subject heading",
"sh0000080","Excavations (Archaeology)--Greece--Crete","http://id.loc.gov/authorities/subjects/sh2008120004","subject heading",
"sh0000081","Digital humanities","http://id.loc.gov/authorities/subjects/sh2008122106","subject heading",
"sh0000082","Japan--History--Study and teaching","http://id.loc.gov/authorities/subjects/sh2008122242","subject heading",
"sh0000083","Forensic archaeology","http://id.loc.gov/authorities/subjects/sh2009004421","subject heading",
"sh0000084","Creative nonfiction","http://id.loc.gov/authorities/subjects/sh2009008117","subject heading",
"sh0000085","Human body--Political aspects","http://id.loc.gov/authorities/subjects/sh2009103095","subject heading",
"sh0000086","Anglo-Saxons--Intellectual life","http://id.loc.gov/authorities/subjects/sh2009114948","subject heading",
"sh0000087","Africa, North--Intellectual life","http://id.loc.gov/authorities/subjects/sh2009115245","subject heading",
"sh0000088","Criticism--Authorship","http://id.loc.gov/authorities/subjects/sh2009122566","subject heading",
"sh0000089","International business enterprises--History","http://id.loc.gov/authorities/subjects/sh2009127436","subject heading",
"sh0000090","Belonging (Social psychology)","http://id.loc.gov/authorities/subjects/sh2010015330","subject heading",
"sh0000091","Motion pictures--Study and teaching","http://id.loc.gov/authorities/subjects/sh2010100913","subject heading",
"sh0000092","Music--21st century--History and criticism","http://id.loc.gov/authorities/subjects/sh2010102768","subject heading",
"sh0000093","People with disabilities--Civil rights--United States","http://id.loc.gov/authorities/subjects/sh2010105437","subject heading",
"sh0000094","Performing arts--Philosophy","http://id.loc.gov/authorities/subjects/sh2010105512","subject heading",
"sh0000095","Poetics--Poetry","http://id.loc.gov/authorities/subjects/sh2010106614","subject heading",
"sh0000096","Sociology--Europe--History","http://id.loc.gov/authorities/subjects/sh2010113939","subject heading",
"sh0000097","Spanish American literature--19th century--History and criticism","http://id.loc.gov/authorities/subjects/sh2010114316","subject heading",
"sh0000098","Spain--Colonies--History","http://id.loc.gov/authorities/subjects/sh2010114335","subject heading",
"sh0000099","Ethics--Anthropological aspects","http://id.loc.gov/authorities/subjects/sh2013001350","subject heading",
"sh0000100","Acting--Study and teaching","http://id.loc.gov/authorities/subjects/sh85000693","subject heading",
"sh0000101","Aesthetics","http://id.loc.gov/authorities/subjects/sh85001441","subject heading",
"sh0000102","Affect (Psychology)","http://id.loc.gov/authorities/subjects/sh85001493","subject heading",
"sh0000103","Africa--Civilization--20th century","http://id.loc.gov/authorities/subjects/sh85001535","subject heading",
"sh0000104","Africa, West","http://id.loc.gov/authorities/subjects/sh85001688","subject heading",
"sh0000105","African American art","http://id.loc.gov/authorities/subjects/sh85001790","subject heading",
"sh0000106","African American leadership","http://id.loc.gov/authorities/subjects/sh85001857","subject heading",
"sh0000107","African American women","http://id.loc.gov/authorities/subjects/sh85001923","subject heading",
"sh0000108","African Americans--Music","http://id.loc.gov/authorities/subjects/sh85001968","subject heading",
"sh0000109","African Americans--Religion","http://id.loc.gov/authorities/subjects/sh85001980","subject heading",
"sh0000110","African Americans--Study and teaching","http://id.loc.gov/authorities/subjects/sh85001992","subject heading",
"sh0000111","African Americans in motion pictures","http://id.loc.gov/authorities/subjects/sh85002011","subject heading",
"sh0000112","Agent (Philosophy)","http://id.loc.gov/authorities/subjects/sh85002175","subject heading",
"sh0000113","Agriculture","http://id.loc.gov/authorities/subjects/sh85002415","subject heading",
"sh0000114","Agriculture--Origin","http://id.loc.gov/authorities/subjects/sh85002444","subject heading",
"sh0000115","Agriculture and state","http://id.loc.gov/authorities/subjects/sh85002484","subject heading",
"sh0000116","American literature--African American authors","http://id.loc.gov/authorities/subjects/sh85004342","subject heading",
"sh0000117","American literature--History and criticism","http://id.loc.gov/authorities/subjects/sh85004351","subject heading",
"sh0000118","American poetry--African American authors","http://id.loc.gov/authorities/subjects/sh85004389","subject heading",
"sh0000119","Ancestor worship","http://id.loc.gov/authorities/subjects/sh85004848","subject heading",
"sh0000120","English language--Old English, ca. 450-1100","http://id.loc.gov/authorities/subjects/sh85005084","subject heading",
"sh0000121","English literature--Old English, ca. 450-1100","http://id.loc.gov/authorities/subjects/sh85005086","subject heading",
"sh0000122","Anglo-Saxons","http://id.loc.gov/authorities/subjects/sh85005091","subject heading",
"sh0000123","Human geography","http://id.loc.gov/authorities/subjects/sh85005570","subject heading",
"sh0000124","Anthropology","http://id.loc.gov/authorities/subjects/sh85005581","subject heading",
"sh0000125","Anxiety","http://id.loc.gov/authorities/subjects/sh85005835","subject heading",
"sh0000126","Apostolic Fathers","http://id.loc.gov/authorities/subjects/sh85006059","subject heading",
"sh0000127","Applied anthropology","http://id.loc.gov/authorities/subjects/sh85006167","subject heading",
"sh0000128","Arabic language","http://id.loc.gov/authorities/subjects/sh85006306","subject heading",
"sh0000129","Arabian Music","http://id.loc.gov/authorities/subjects/sh85006353","subject heading",
"sh0000130","Archaeology","http://id.loc.gov/authorities/subjects/sh85006507","subject heading",
"sh0000131","Architecture","http://id.loc.gov/authorities/subjects/sh85006611","subject heading",
"sh0000132","Archives","http://id.loc.gov/authorities/subjects/sh85006913","subject heading",
"sh0000133","Art","http://id.loc.gov/authorities/subjects/sh85007461","subject heading",
"sh0000134","Art--Political aspects","http://id.loc.gov/authorities/subjects/sh85007495","subject heading",
"sh0000135","Art, Baroque","http://id.loc.gov/authorities/subjects/sh85007566","subject heading",
"sh0000136","Art, Medieval","http://id.loc.gov/authorities/subjects/sh85007777","subject heading",
"sh0000137","Art, Modern","http://id.loc.gov/authorities/subjects/sh85007793","subject heading",
"sh0000138","Art and history","http://id.loc.gov/authorities/subjects/sh85007960","subject heading",
"sh0000139","Artists","http://id.loc.gov/authorities/subjects/sh85008276","subject heading",
"sh0000140","Asia","http://id.loc.gov/authorities/subjects/sh85008606","subject heading",
"sh0000141","Asia--Study and teaching","http://id.loc.gov/authorities/subjects/sh85008624","subject heading",
"sh0000142","Southeast Asia","http://id.loc.gov/authorities/subjects/sh85008627","subject heading",
"sh0000143","Asian Americans--Study and teaching","http://id.loc.gov/authorities/subjects/sh85008648","subject heading",
"sh0000144","Asian Americans","http://id.loc.gov/authorities/subjects/sh85008644","subject heading",
"sh0000145","Authoritarianism","http://id.loc.gov/authorities/subjects/sh85009788","subject heading",
"sh0000146","Authorship","http://id.loc.gov/authorities/subjects/sh85010030","subject heading",
"sh0000147","Autobiography","http://id.loc.gov/authorities/subjects/sh85010050","subject heading",
"sh0000148","Autobiography--Women authors","http://id.loc.gov/authorities/subjects/sh85010053","subject heading",
"sh0000149","Autonomy","http://id.loc.gov/authorities/subjects/sh85010457","subject heading",
"sh0000150","Avant-garde (Aesthetics)","http://id.loc.gov/authorities/subjects/sh85010494","subject heading",
"sh0000151","Bards and bardism","http://id.loc.gov/authorities/subjects/sh85011823","subject heading",
"sh0000152","Bengali language","http://id.loc.gov/authorities/subjects/sh85013150","subject heading",
"sh0000153","Bible. Apocrypha","http://id.loc.gov/authorities/subjects/sh85013778","subject heading",
"sh0000154","Bilingualism","http://id.loc.gov/authorities/subjects/sh85014030","subject heading",
"sh0000155","Bioethics","http://id.loc.gov/authorities/subjects/sh85014136","subject heading",
"sh0000156","Biography","http://id.loc.gov/authorities/subjects/sh85014152","subject heading",
"sh0000157","Biochemistry","http://id.loc.gov/authorities/subjects/sh85014171","subject heading",
"sh0000158","Biology","http://id.loc.gov/authorities/subjects/sh85014203","subject heading",
"sh0000159","Biology--Philosophy","http://id.loc.gov/authorities/subjects/sh85014214","subject heading",
"sh0000160","Biomathematics","http://id.loc.gov/authorities/subjects/sh85014235","subject heading",
"sh0000161","Biomechanics","http://id.loc.gov/authorities/subjects/sh85014236","subject heading",
"sh0000162","Biomedical materials","http://id.loc.gov/authorities/subjects/sh85014239","subject heading",
"sh0000163","Biopolitics","http://id.loc.gov/authorities/subjects/sh85014254","subject heading",
"sh0000164","Black--Race identity","http://id.loc.gov/authorities/subjects/sh85014685","subject heading",
"sh0000165","Body image","http://id.loc.gov/authorities/subjects/sh85015249","subject heading",
"sh0000166","Books--History","http://id.loc.gov/authorities/subjects/sh85015744","subject heading",
"sh0000167","Buddhism","http://id.loc.gov/authorities/subjects/sh85017454","subject heading",
"sh0000168","Buildings--Environmental engineering","http://id.loc.gov/authorities/subjects/sh85017778","subject heading",
"sh0000169","Byzantine Empire--History","http://id.loc.gov/authorities/subjects/sh85018483","subject heading",
"sh0000170","Capitalism","http://id.loc.gov/authorities/subjects/sh85019958","subject heading",
"sh0000171","Caribbean Area","http://id.loc.gov/authorities/subjects/sh85020279","subject heading",
"sh0000172","Carnival","http://id.loc.gov/authorities/subjects/sh85020377","subject heading",
"sh0000173","Cartography","http://id.loc.gov/authorities/subjects/sh85020515","subject heading",
"sh0000174","Europe, Central","http://id.loc.gov/authorities/subjects/sh85021901","subject heading",
"sh0000175","Chamber music","http://id.loc.gov/authorities/subjects/sh85022422","subject heading",
"sh0000176","Chance","http://id.loc.gov/authorities/subjects/sh85022484","subject heading",
"sh0000177","Chemistry","http://id.loc.gov/authorities/subjects/sh85022986","subject heading",
"sh0000178","Child psychopathology","http://id.loc.gov/authorities/subjects/sh85023384","subject heading",
"sh0000179","Children","http://id.loc.gov/authorities/subjects/sh85023418","subject heading",
"sh0000180","Children in art","http://id.loc.gov/authorities/subjects/sh85023533","subject heading",
"sh0000181","Children in literature","http://id.loc.gov/authorities/subjects/sh85023534","subject heading",
"sh0000182","China--Study and teaching","http://id.loc.gov/authorities/subjects/sh85024195","subject heading",
"sh0000183","Chinese drama","http://id.loc.gov/authorities/subjects/sh85024261","subject heading",
"sh0000184","Chinese language","http://id.loc.gov/authorities/subjects/sh85024301","subject heading",
"sh0000185","Choirs (Music)","http://id.loc.gov/authorities/subjects/sh85024628","subject heading",
"sh0000186","Christianity","http://id.loc.gov/authorities/subjects/sh85025219","subject heading",
"sh0000187","Christianity and other religions--Judaism","http://id.loc.gov/authorities/subjects/sh85025268","subject heading",
"sh0000188","Cities and towns--Study and teaching","http://id.loc.gov/authorities/subjects/sh85026141","subject heading","urbanism; urban studies"
"sh0000189","Citizenship","http://id.loc.gov/authorities/subjects/sh85026205","subject heading",
"sh0000190","City planning","http://id.loc.gov/authorities/subjects/sh85026282","subject heading",
"sh0000191","Civil rights","http://id.loc.gov/authorities/subjects/sh85026371","subject heading",
"sh0000192","Human rights","http://id.loc.gov/authorities/subjects/sh85026379","subject heading",
"sh0000193","Civilization--History","http://id.loc.gov/authorities/subjects/sh85026424","subject heading",
"sh0000194","Civilization, Aegean","http://id.loc.gov/authorities/subjects/sh85026430","subject heading",
"sh0000195","Civilization, Arabian","http://id.loc.gov/authorities/subjects/sh85026438","subject heading",
"sh0000196","Civilization, Classical","http://id.loc.gov/authorities/subjects/sh85026450","subject heading",
"sh0000197","Civilization, Medieval","http://id.loc.gov/authorities/subjects/sh85026463","subject heading",
"sh0000198","Civilization, Modern","http://id.loc.gov/authorities/subjects/sh85026469","subject heading",
"sh0000199","Classical antiquities","http://id.loc.gov/authorities/subjects/sh85026692","subject heading",
"sh0000200","Classical literature--Appreciation","http://id.loc.gov/authorities/subjects/sh85026707","subject heading",
"sh0000201","Coasts","http://id.loc.gov/authorities/subjects/sh85027443","subject heading",
"sh0000202","Cocoa","http://id.loc.gov/authorities/subjects/sh85027619","subject heading",
"sh0000203","College sports","http://id.loc.gov/authorities/subjects/sh85028338","subject heading",
"sh0000204","Colombia--History","http://id.loc.gov/authorities/subjects/sh85028487","subject heading",
"sh0000205","Comedy","http://id.loc.gov/authorities/subjects/sh85028845","subject heading",
"sh0000206","Comic books, strips, etc","http://id.loc.gov/authorities/subjects/sh85028863","subject heading",
"sh0000207","Commedia dell'arte","http://id.loc.gov/authorities/subjects/sh85028889","subject heading",
"sh0000208","Communication","http://id.loc.gov/authorities/subjects/sh85029027","subject heading",
"sh0000209","Communication of technical information","http://id.loc.gov/authorities/subjects/sh85029107","subject heading",
"sh0000210","Community development","http://id.loc.gov/authorities/subjects/sh85029215","subject heading",
"sh0000211","Comparative economics","http://id.loc.gov/authorities/subjects/sh85029296","subject heading",
"sh0000212","Comparative government","http://id.loc.gov/authorities/subjects/sh85029298","subject heading",
"sh0000213","Competition","http://id.loc.gov/authorities/subjects/sh85029337","subject heading",
"sh0000214","Composition (Photography)","http://id.loc.gov/authorities/subjects/sh85029405","subject heading",
"sh0000215","Composition (Language arts)","http://id.loc.gov/authorities/subjects/sh85029406","subject heading",
"sh0000216","Computer literacy","http://id.loc.gov/authorities/subjects/sh85029509","subject heading",
"sh0000217","Computer networks","http://id.loc.gov/authorities/subjects/sh85029513","subject heading",
"sh0000218","Concerto","http://id.loc.gov/authorities/subjects/sh85029644","subject heading",
"sh0000219","Conversion","http://id.loc.gov/authorities/subjects/sh85031702","subject heading",
"sh0000220","Costume","http://id.loc.gov/authorities/subjects/sh85033238","subject heading",
"sh0000221","Costume design","http://id.loc.gov/authorities/subjects/sh85033269","subject heading",
"sh0000222","Country music","http://id.loc.gov/authorities/subjects/sh85033470","subject heading",
"sh0000223","Creation (Literary, artistic, etc.)","http://id.loc.gov/authorities/subjects/sh85033827","subject heading",
"sh0000224","Creative writing","http://id.loc.gov/authorities/subjects/sh85033847","subject heading",
"sh0000225","Creoles","http://id.loc.gov/authorities/subjects/sh85033926","subject heading",
"sh0000226","Criminal law","http://id.loc.gov/authorities/subjects/sh85034058","subject heading",
"sh0000227","Criticism","http://id.loc.gov/authorities/subjects/sh85034149","subject heading",
"sh0000228","Cross-cultural studies","http://id.loc.gov/authorities/subjects/sh85034273","subject heading",
"sh0000229","Crusades","http://id.loc.gov/authorities/subjects/sh85034380","subject heading",
"sh0000230","Cultural relations","http://id.loc.gov/authorities/subjects/sh85034753","subject heading",
"sh0000231","Curriculum planning","http://id.loc.gov/authorities/subjects/sh85034895","subject heading",
"sh0000232","Decolonization","http://id.loc.gov/authorities/subjects/sh85036220","subject heading",
"sh0000233","Democracy","http://id.loc.gov/authorities/subjects/sh85036647","subject heading",
"sh0000234","Detectors","http://id.loc.gov/authorities/subjects/sh85037291","subject heading",
"sh0000235","Developing countries","http://id.loc.gov/authorities/subjects/sh85037341","subject heading",
"sh0000236","Digital communications","http://id.loc.gov/authorities/subjects/sh85037972","subject heading",
"sh0000237","Discourse analysis, Narrative","http://id.loc.gov/authorities/subjects/sh85038364","subject heading",
"sh0000238","Discrimination","http://id.loc.gov/authorities/subjects/sh85038376","subject heading",
"sh0000239","Drama","http://id.loc.gov/authorities/subjects/sh85039316","subject heading",
"sh0000240","Drama--Technique","http://id.loc.gov/authorities/subjects/sh85039333","subject heading",
"sh0000241","East Asia","http://id.loc.gov/authorities/subjects/sh85040525","subject heading",
"sh0000242","Ecology","http://id.loc.gov/authorities/subjects/sh85040752","subject heading",
"sh0000243","Economic development","http://id.loc.gov/authorities/subjects/sh85040804","subject heading",
"sh0000244","Economic history","http://id.loc.gov/authorities/subjects/sh85040817","subject heading",
"sh0000245","Economics","http://id.loc.gov/authorities/subjects/sh85040850","subject heading",
"sh0000246","Education","http://id.loc.gov/authorities/subjects/sh85040989","subject heading",
"sh0000247","Education and state","http://id.loc.gov/authorities/subjects/sh85041091","subject heading",
"sh0000248","Educational law and legislation","http://id.loc.gov/authorities/subjects/sh85041128","subject heading",
"sh0000249","Eighteenth century","http://id.loc.gov/authorities/subjects/sh85041401","subject heading",
"sh0000250","Electrophysiology","http://id.loc.gov/authorities/subjects/sh85042443","subject heading",
"sh0000251","Elite (Social sciences)","http://id.loc.gov/authorities/subjects/sh85042580","subject heading",
"sh0000252","England--Civilization--16th century","http://id.loc.gov/authorities/subjects/sh85043275","subject heading",
"sh0000253","England--Civilization--17th century","http://id.loc.gov/authorities/subjects/sh85043276","subject heading",
"sh0000254","English language","http://id.loc.gov/authorities/subjects/sh85043413","subject heading",
"sh0000255","English literature","http://id.loc.gov/authorities/subjects/sh85043777","subject heading",
"sh0000256","English literature--Middle English, 1100-1500","http://id.loc.gov/authorities/subjects/sh85043778","subject heading",
"sh0000257","English literature--Early modern, 1500-1700","http://id.loc.gov/authorities/subjects/sh85043780","subject heading",
"sh0000258","English literature--18th century","http://id.loc.gov/authorities/subjects/sh85043781","subject heading",
"sh0000259","English literature--19th century","http://id.loc.gov/authorities/subjects/sh85043782","subject heading",
"sh0000260","English literature--20th century","http://id.loc.gov/authorities/subjects/sh85043783","subject heading",
"sh0000261","Enlightenment","http://id.loc.gov/authorities/subjects/sh85044032","subject heading",
"sh0000262","Epic poetry","http://id.loc.gov/authorities/subjects/sh85044306","subject heading",
"sh0000263","Essay","http://id.loc.gov/authorities/subjects/sh85044913","subject heading",
"sh0000264","Ethics","http://id.loc.gov/authorities/subjects/sh85045096","subject heading",
"sh0000265","Ethnicity","http://id.loc.gov/authorities/subjects/sh85045187","subject heading",
"sh0000266","Ethnology--Methodology","http://id.loc.gov/authorities/subjects/sh85045200","subject heading",
"sh0000267","Ethnomusicology","http://id.loc.gov/authorities/subjects/sh85045421","subject heading",
"sh0000268","Europe--Civilization--18th century","http://id.loc.gov/authorities/subjects/sh85045638","subject heading",
"sh0000269","Europe--Civilization--19th century","http://id.loc.gov/authorities/subjects/sh85045639","subject heading",
"sh0000270","Europe--History--17th century","http://id.loc.gov/authorities/subjects/sh85045698","subject heading",
"sh0000271","Europe--History--18th century","http://id.loc.gov/authorities/subjects/sh85045702","subject heading",
"sh0000272","Europe--Study and teaching","http://id.loc.gov/authorities/subjects/sh85045764","subject heading",
"sh0000273","Evangelicalism","http://id.loc.gov/authorities/subjects/sh85045933","subject heading",
"sh0000274","Evolution","http://id.loc.gov/authorities/subjects/sh85046029","subject heading",
"sh0000275","Excavations (Archaeology)--Israel","http://id.loc.gov/authorities/subjects/sh85046148","subject heading",
"sh0000276","Excavations (Archaeology)--Mexico","http://id.loc.gov/authorities/subjects/sh85046158","subject heading",
"sh0000277","Exoticism in literature","http://id.loc.gov/authorities/subjects/sh85046401","subject heading",
"sh0000278","Feminism","http://id.loc.gov/authorities/subjects/sh85047741","subject heading",
"sh0000279","Feminism and literature","http://id.loc.gov/authorities/subjects/sh85047747","subject heading",
"sh0000280","Festivals","http://id.loc.gov/authorities/subjects/sh85047932","subject heading",
"sh0000281","Fiction--18th century","http://id.loc.gov/authorities/subjects/sh85048052","subject heading",
"sh0000282","Fiction--19th century","http://id.loc.gov/authorities/subjects/sh85048053","subject heading",
"sh0000283","Fiction--History and criticism","http://id.loc.gov/authorities/subjects/sh85048060","subject heading",
"sh0000284","Fifteenth century","http://id.loc.gov/authorities/subjects/sh85048142","subject heading",
"sh0000285","Folklore","http://id.loc.gov/authorities/subjects/sh85050104","subject heading",
"sh0000286","Food","http://id.loc.gov/authorities/subjects/sh85050184","subject heading",
"sh0000287","Forensic anthropology","http://id.loc.gov/authorities/subjects/sh85050537","subject heading",
"sh0000288","Fourteenth century","http://id.loc.gov/authorities/subjects/sh85051098","subject heading",
"sh0000289","Fourth dimension","http://id.loc.gov/authorities/subjects/sh85051099","subject heading",
"sh0000290","France--Civilization","http://id.loc.gov/authorities/subjects/sh85051184","subject heading",
"sh0000291","France--Civilization--1328-1600","http://id.loc.gov/authorities/subjects/sh85051188","subject heading",
"sh0000292","France--Civilization--17th century","http://id.loc.gov/authorities/subjects/sh85051189","subject heading",
"sh0000293","French language","http://id.loc.gov/authorities/subjects/sh85051829","subject heading",
"sh0000294","Historical geography","http://id.loc.gov/authorities/subjects/sh85054019","subject heading",
"sh0000295","Political geography","http://id.loc.gov/authorities/subjects/sh85054025","subject heading",
"sh0000296","German language","http://id.loc.gov/authorities/subjects/sh85054365","subject heading",
"sh0000297","Grammar, Comparative and general--Syntax","http://id.loc.gov/authorities/subjects/sh85056338","subject heading",
"sh0000298","Great Britain","http://id.loc.gov/authorities/subjects/sh85056605","subject heading",
"sh0000299","Great Britain--Civilization--19th century","http://id.loc.gov/authorities/subjects/sh85056625","subject heading",
"sh0000300","Greece--History--To 146 B.C","http://id.loc.gov/authorities/subjects/sh85057074","subject heading",
"sh0000301","Greek language","http://id.loc.gov/authorities/subjects/sh85057151","subject heading",
"sh0000302","Group identity","http://id.loc.gov/authorities/subjects/sh85057485","subject heading",
"sh0000303","Health","http://id.loc.gov/authorities/subjects/sh85059518","subject heading",
"sh0000304","Hellenism","http://id.loc.gov/authorities/subjects/sh85060062","subject heading",
"sh0000305","Hispanic Americans","http://id.loc.gov/authorities/subjects/sh85061051","subject heading",
"sh0000306","Historiography","http://id.loc.gov/authorities/subjects/sh85061211","subject heading",
"sh0000307","History","http://id.loc.gov/authorities/subjects/sh85061212","subject heading",
"sh0000308","History--Philosophy","http://id.loc.gov/authorities/subjects/sh85061223","subject heading",
"sh0000309","Human-animal relationships","http://id.loc.gov/authorities/subjects/sh85062838","subject heading",
"sh0000310","Human ecology--Study and teaching","http://id.loc.gov/authorities/subjects/sh85062861","subject heading","Environmental studies"
"sh0000311","Human engineering","http://id.loc.gov/authorities/subjects/sh85062867","subject heading",
"sh0000312","Identity (Philosophical concept)","http://id.loc.gov/authorities/subjects/sh85064150","subject heading",
"sh0000313","Imperialism","http://id.loc.gov/authorities/subjects/sh85064628","subject heading",
"sh0000314","Income distribution","http://id.loc.gov/authorities/subjects/sh85064765","subject heading",
"sh0000315","Indians of Mexico","http://id.loc.gov/authorities/subjects/sh85065134","subject heading",
"sh0000316","Indians of North America","http://id.loc.gov/authorities/subjects/sh85065184","subject heading",
"sh0000317","Indians of North America--Government relations","http://id.loc.gov/authorities/subjects/sh85065278","subject heading",
"sh0000318","Indians of North America--Legal status, laws, etc","http://id.loc.gov/authorities/subjects/sh85065315","subject heading",
"sh0000319","Indians of North America--Politics and government","http://id.loc.gov/authorities/subjects/sh85065402","subject heading",
"sh0000320","Informal sector (Economics)","http://id.loc.gov/authorities/subjects/sh85066135","subject heading",
"sh0000321","Intellectual history","http://id.loc.gov/authorities/subjects/sh85067164","subject heading",
"sh0000322","International relations","http://id.loc.gov/authorities/subjects/sh85067435","subject heading",
"sh0000323","Interpersonal relations","http://id.loc.gov/authorities/subjects/sh85067484","subject heading",
"sh0000324","Intimacy (Psychology)","http://id.loc.gov/authorities/subjects/sh85067603","subject heading",
"sh0000325","Irish literature","http://id.loc.gov/authorities/subjects/sh85068106","subject heading",
"sh0000326","Islam--Study and teaching","http://id.loc.gov/authorities/subjects/sh85068408","subject heading",
"sh0000327","Italy--Study and teaching","http://id.loc.gov/authorities/subjects/sh85069030","subject heading",
"sh0000328","Japan--Civilization--1600-1868","http://id.loc.gov/authorities/subjects/sh85069370","subject heading",
"sh0000329","Japan--History--19th century","http://id.loc.gov/authorities/subjects/sh85069480","subject heading",
"sh0000330","Japanese language","http://id.loc.gov/authorities/subjects/sh85069643","subject heading",
"sh0000331","Jazz","http://id.loc.gov/authorities/subjects/sh85069833","subject heading",
"sh0000332","Jewish-Arab relations","http://id.loc.gov/authorities/subjects/sh85070242","subject heading",
"sh0000333","Jewish diaspora","http://id.loc.gov/authorities/subjects/sh85070380","subject heading",
"sh0000334","Jews--Study and teaching","http://id.loc.gov/authorities/subjects/sh85070451","subject heading",
"sh0000335","Judaism--Study and teaching","http://id.loc.gov/authorities/subjects/sh85070866","subject heading",
"sh0000336","Knowledge, Sociology of","http://id.loc.gov/authorities/subjects/sh85072731","subject heading",
"sh0000337","Knowledge, Theory of","http://id.loc.gov/authorities/subjects/sh85072732","subject heading",
"sh0000338","Landscapes","http://id.loc.gov/authorities/subjects/sh85074392","subject heading",
"sh0000339","Language acquisition","http://id.loc.gov/authorities/subjects/sh85074511","subject heading",
"sh0000340","Language and languages--Origin","http://id.loc.gov/authorities/subjects/sh85074529","subject heading",
"sh0000341","Language and languages--Philosophy","http://id.loc.gov/authorities/subjects/sh85074574","subject heading",
"sh0000342","Language revival","http://id.loc.gov/authorities/subjects/sh85074580","subject heading",
"sh0000343","Languages, Artificial","http://id.loc.gov/authorities/subjects/sh85074581","subject heading",
"sh0000344","Latin America","http://id.loc.gov/authorities/subjects/sh85074879","subject heading",
"sh0000345","Latin America--History--To 1830","http://id.loc.gov/authorities/subjects/sh85074898","subject heading",
"sh0000346","Latin language","http://id.loc.gov/authorities/subjects/sh85074944","subject heading",
"sh0000347","Latin poetry","http://id.loc.gov/authorities/subjects/sh85074974","subject heading",
"sh0000348","Law","http://id.loc.gov/authorities/subjects/sh85075119","subject heading",
"sh0000349","Law--Philosophy","http://id.loc.gov/authorities/subjects/sh85075139","subject heading",
"sh0000350","League of Nations","http://id.loc.gov/authorities/subjects/sh85075494","subject heading",
"sh0000351","Learning ability","http://id.loc.gov/authorities/subjects/sh85075527","subject heading",
"sh0000352","Legal ethics","http://id.loc.gov/authorities/subjects/sh85075748","subject heading",
"sh0000353","Life","http://id.loc.gov/authorities/subjects/sh85076807","subject heading",
"sh0000354","Linguistics","http://id.loc.gov/authorities/subjects/sh85077222","subject heading",
"sh0000355","Computational linguistics","http://id.loc.gov/authorities/subjects/sh85077224","subject heading",
"sh0000356","Literacy","http://id.loc.gov/authorities/subjects/sh85077482","subject heading",
"sh0000357","Literature--History and criticism--Theory, etc","http://id.loc.gov/authorities/subjects/sh85077521","subject heading",
"sh0000358","Literature--Philosophy","http://id.loc.gov/authorities/subjects/sh85077524","subject heading",
"sh0000359","Comparative literature","http://id.loc.gov/authorities/subjects/sh85077534","subject heading",
"sh0000360","Local laws","http://id.loc.gov/authorities/subjects/sh85077933","subject heading",
"sh0000361","Magic","http://id.loc.gov/authorities/subjects/sh85079604","subject heading",
"sh0000362","Marriage","http://id.loc.gov/authorities/subjects/sh85081416","subject heading",
"sh0000363","Martial arts fiction, Chinese","http://id.loc.gov/authorities/subjects/sh85081632","subject heading",
"sh0000364","Mass media","http://id.loc.gov/authorities/subjects/sh85081863","subject heading",
"sh0000365","Mathematics","http://id.loc.gov/authorities/subjects/sh85082139","subject heading",
"sh0000366","Mathematics--Philosophy","http://id.loc.gov/authorities/subjects/sh85082153","subject heading",
"sh0000367","Medical anthropology","http://id.loc.gov/authorities/subjects/sh85082859","subject heading",
"sh0000368","Medical education","http://id.loc.gov/authorities/subjects/sh85082916","subject heading",
"sh0000369","Medical policy","http://id.loc.gov/authorities/subjects/sh85083002","subject heading",
"sh0000370","Medicine","http://id.loc.gov/authorities/subjects/sh85083064","subject heading",
"sh0000371","Medicine and the humanities","http://id.loc.gov/authorities/subjects/sh85083186","subject heading",
"sh0000372","Medicine in literature","http://id.loc.gov/authorities/subjects/sh85083194","subject heading",
"sh0000373","Mental health","http://id.loc.gov/authorities/subjects/sh85083615","subject heading",
"sh0000374","Metaphysics","http://id.loc.gov/authorities/subjects/sh85084286","subject heading",
"sh0000375","Microeconomics","http://id.loc.gov/authorities/subjects/sh85084819","subject heading",
"sh0000376","Middle West","http://id.loc.gov/authorities/subjects/sh85085029","subject heading",
"sh0000377","Military history, Ancient","http://id.loc.gov/authorities/subjects/sh85085208","subject heading",
"sh0000378","Mime","http://id.loc.gov/authorities/subjects/sh85085451","subject heading",
"sh0000379","Missions","http://id.loc.gov/authorities/subjects/sh85086032","subject heading",
"sh0000380","Music","http://id.loc.gov/authorities/subjects/sh85088762","subject heading",
"sh0000381","Music--19th century","http://id.loc.gov/authorities/subjects/sh85088769","subject heading",
"sh0000382","Music--20th century","http://id.loc.gov/authorities/subjects/sh85088770","subject heading",
"sh0000383","Music theory","http://id.loc.gov/authorities/subjects/sh85088826","subject heading",
"sh0000384","Popular music","http://id.loc.gov/authorities/subjects/sh85088865","subject heading",
"sh0000385","Popular music--Writing and publishing","http://id.loc.gov/authorities/subjects/sh85088870","subject heading",
"sh0000386","Musical analysis","http://id.loc.gov/authorities/subjects/sh85088952","subject heading",
"sh0000387","Nanoparticles","http://id.loc.gov/authorities/subjects/sh85089689","subject heading",
"sh0000388","Nationalism","http://id.loc.gov/authorities/subjects/sh85090150","subject heading",
"sh0000389","Native language","http://id.loc.gov/authorities/subjects/sh85090170","subject heading",
"sh0000390","Indigenous peoples","http://id.loc.gov/authorities/subjects/sh85090174","subject heading",
"sh0000391","Natural resources","http://id.loc.gov/authorities/subjects/sh85090254","subject heading",
"sh0000392","Naturalism in literature","http://id.loc.gov/authorities/subjects/sh85090271","subject heading",
"sh0000393","Nature in literature","http://id.loc.gov/authorities/subjects/sh85090286","subject heading",
"sh0000394","Middle East","http://id.loc.gov/authorities/subjects/sh85090501","subject heading",
"sh0000395","Middle East--Study and teaching","http://id.loc.gov/authorities/subjects/sh85090514","subject heading",
"sh0000396","Nepal--History","http://id.loc.gov/authorities/subjects/sh85090821","subject heading",
"sh0000397","Nineteenth century","http://id.loc.gov/authorities/subjects/sh85091984","subject heading",
"sh0000398","Ontology","http://id.loc.gov/authorities/subjects/sh85094833","subject heading",
"sh0000399","Opera","http://id.loc.gov/authorities/subjects/sh85094900","subject heading",
"sh0000400","Oral history","http://id.loc.gov/authorities/subjects/sh85095238","subject heading",
"sh0000401","Painting, Chinese","http://id.loc.gov/authorities/subjects/sh85096713","subject heading",
"sh0000402","Patronage, Political","http://id.loc.gov/authorities/subjects/sh85098774","subject heading",
"sh0000403","Peace","http://id.loc.gov/authorities/subjects/sh85098940","subject heading",
"sh0000404","Performance art","http://id.loc.gov/authorities/subjects/sh85099809","subject heading",
"sh0000405","Personal space","http://id.loc.gov/authorities/subjects/sh85100111","subject heading",
"sh0000406","Philosophy","http://id.loc.gov/authorities/subjects/sh85100849","subject heading",
"sh0000407","Philosophy, Ancient","http://id.loc.gov/authorities/subjects/sh85100861","subject heading",
"sh0000408","Phonology","http://id.loc.gov/authorities/subjects/sh85101065","subject heading",
"sh0000409","Photography","http://id.loc.gov/authorities/subjects/sh85101206","subject heading",
"sh0000410","Physiology, Comparative","http://id.loc.gov/authorities/subjects/sh85101681","subject heading",
"sh0000411","Piano","http://id.loc.gov/authorities/subjects/sh85101722","subject heading",
"sh0000412","Piano--Methods (Jazz)","http://id.loc.gov/authorities/subjects/sh85101743","subject heading",
"sh0000413","Pictures","http://id.loc.gov/authorities/subjects/sh85102012","subject heading",
"sh0000414","Pilgrims and pilgrimages","http://id.loc.gov/authorities/subjects/sh85102131","subject heading",
"sh0000415","Plate tectonics","http://id.loc.gov/authorities/subjects/sh85103239","subject heading",
"sh0000416","Poetics","http://id.loc.gov/authorities/subjects/sh85103703","subject heading",
"sh0000417","Poetry","http://id.loc.gov/authorities/subjects/sh85103704","subject heading",
"sh0000418","Political anthropology","http://id.loc.gov/authorities/subjects/sh85104345","subject heading",
"sh0000419","Political participation","http://id.loc.gov/authorities/subjects/sh85104370","subject heading",
"sh0000420","Political psychology","http://id.loc.gov/authorities/subjects/sh85104425","subject heading",
"sh0000421","Political science","http://id.loc.gov/authorities/subjects/sh85104440","subject heading",
"sh0000422","Politics, Practical","http://id.loc.gov/authorities/subjects/sh85104466","subject heading",
"sh0000423","Popular culture","http://id.loc.gov/authorities/subjects/sh85104904","subject heading",
"sh0000424","Postmodernism","http://id.loc.gov/authorities/subjects/sh85105557","subject heading",
"sh0000425","Pottery","http://id.loc.gov/authorities/subjects/sh85105729","subject heading",
"sh0000426","Pottery, Hellenistic","http://id.loc.gov/authorities/subjects/sh85105810","subject heading",
"sh0000427","Poverty","http://id.loc.gov/authorities/subjects/sh85105939","subject heading",
"sh0000428","Power (Social sciences)","http://id.loc.gov/authorities/subjects/sh85105976","subject heading",
"sh0000429","Property","http://id.loc.gov/authorities/subjects/sh85107496","subject heading",
"sh0000430","Protestantism","http://id.loc.gov/authorities/subjects/sh85107718","subject heading",
"sh0000431","Psychology","http://id.loc.gov/authorities/subjects/sh85108459","subject heading",
"sh0000432","Race","http://id.loc.gov/authorities/subjects/sh85110232","subject heading",
"sh0000433","Race relations","http://id.loc.gov/authorities/subjects/sh85110249","subject heading",
"sh0000434","Racism","http://id.loc.gov/authorities/subjects/sh85110266","subject heading",
"sh0000435","Radicalism","http://id.loc.gov/authorities/subjects/sh85110375","subject heading",
"sh0000436","Reader-response criticism","http://id.loc.gov/authorities/subjects/sh85111643","subject heading",
"sh0000437","Realism in literature","http://id.loc.gov/authorities/subjects/sh85111770","subject heading",
"sh0000438","Regional planning","http://id.loc.gov/authorities/subjects/sh85112367","subject heading",
"sh0000439","Relativity","http://id.loc.gov/authorities/subjects/sh85112496","subject heading",
"sh0000440","Religion--Study and teaching","http://id.loc.gov/authorities/subjects/sh85112556","subject heading",
"sh0000441","Religion and politics","http://id.loc.gov/authorities/subjects/sh85112577","subject heading",
"sh0000442","Renaissance","http://id.loc.gov/authorities/subjects/sh85112806","subject heading",
"sh0000443","Rhetoric","http://id.loc.gov/authorities/subjects/sh85113628","subject heading",
"sh0000444","Romanticism","http://id.loc.gov/authorities/subjects/sh85115078","subject heading",
"sh0000445","Rome--History--Augustus, 30 B.C.-14 A.D","http://id.loc.gov/authorities/subjects/sh85115125","subject heading",
"sh0000446","Rome (Italy)--History--To 476","http://id.loc.gov/authorities/subjects/sh85115199","subject heading",
"sh0000447","Rural-urban migration","http://id.loc.gov/authorities/subjects/sh85115933","subject heading",
"sh0000448","Science","http://id.loc.gov/authorities/subjects/sh85118553","subject heading",
"sh0000449","Science--History","http://id.loc.gov/authorities/subjects/sh85118570","subject heading",
"sh0000450","Science--Philosophy","http://id.loc.gov/authorities/subjects/sh85118582","subject heading",
"sh0000451","Science--Social aspects","http://id.loc.gov/authorities/subjects/sh85118585","subject heading",
"sh0000452","Scientific literature","http://id.loc.gov/authorities/subjects/sh85118691","subject heading",
"sh0000453","Secularism","http://id.loc.gov/authorities/subjects/sh85119460","subject heading",
"sh0000454","Semiotics","http://id.loc.gov/authorities/subjects/sh85119950","subject heading",
"sh0000455","Seventeenth century","http://id.loc.gov/authorities/subjects/sh85120427","subject heading",
"sh0000456","Sexuality","http://id.loc.gov/authorities/subjects/sh85120549","subject heading",
"sh0000457","Sixteenth century","http://id.loc.gov/authorities/subjects/sh85123070","subject heading",
"sh0000458","Slavery","http://id.loc.gov/authorities/subjects/sh85123314","subject heading",
"sh0000459","Social action","http://id.loc.gov/authorities/subjects/sh85123907","subject heading",
"sh0000460","Social change","http://id.loc.gov/authorities/subjects/sh85123918","subject heading",
"sh0000461","Social classes","http://id.loc.gov/authorities/subjects/sh85123921","subject heading",
"sh0000462","Social history","http://id.loc.gov/authorities/subjects/sh85123948","subject heading",
"sh0000463","Social justice","http://id.loc.gov/authorities/subjects/sh85123969","subject heading",
"sh0000464","Social movements","http://id.loc.gov/authorities/subjects/sh85123979","subject heading",
"sh0000465","Social psychology","http://id.loc.gov/authorities/subjects/sh85123994","subject heading",
"sh0000466","Social sciences--Philosophy","http://id.loc.gov/authorities/subjects/sh85124013","subject heading",
"sh0000467","Social structure","http://id.loc.gov/authorities/subjects/sh85124078","subject heading",
"sh0000468","Socialism","http://id.loc.gov/authorities/subjects/sh85124118","subject heading",
"sh0000469","Sociology","http://id.loc.gov/authorities/subjects/sh85124200","subject heading",
"sh0000470","South Africa","http://id.loc.gov/authorities/subjects/sh85125452","subject heading",
"sh0000471","South America","http://id.loc.gov/authorities/subjects/sh85125524","subject heading",
"sh0000472","South Asia","http://id.loc.gov/authorities/subjects/sh85125541","subject heading",
"sh0000473","Southern States","http://id.loc.gov/authorities/subjects/sh85125633","subject heading",
"sh0000474","Southern States--History--1775-1865","http://id.loc.gov/authorities/subjects/sh85125646","subject heading",
"sh0000475","Soviet Union--History--Revolution, 1917-1921","http://id.loc.gov/authorities/subjects/sh85125808","subject heading",
"sh0000476","Soviet Union--Study and teaching","http://id.loc.gov/authorities/subjects/sh85125863","subject heading",
"sh0000477","Spanish American literature","http://id.loc.gov/authorities/subjects/sh85126225","subject heading",
"sh0000478","Spanish language","http://id.loc.gov/authorities/subjects/sh85126261","subject heading",
"sh0000479","Spanish literature","http://id.loc.gov/authorities/subjects/sh85126268","subject heading",
"sh0000480","State, The","http://id.loc.gov/authorities/subjects/sh85127474","subject heading",
"sh0000481","Stone implements","http://id.loc.gov/authorities/subjects/sh85128316","subject heading",
"sh0000482","Storytelling","http://id.loc.gov/authorities/subjects/sh85128407","subject heading",
"sh0000483","Subjectivity","http://id.loc.gov/authorities/subjects/sh85129469","subject heading",
"sh0000484","Sufism","http://id.loc.gov/authorities/subjects/sh85129660","subject heading",
"sh0000485","Suicide","http://id.loc.gov/authorities/subjects/sh85129742","subject heading",
"sh0000486","Supernatural","http://id.loc.gov/authorities/subjects/sh85130630","subject heading",
"sh0000487","Symbolic interactionism","http://id.loc.gov/authorities/subjects/sh85131404","subject heading",
"sh0000488","Synagogues","http://id.loc.gov/authorities/subjects/sh85131580","subject heading",
"sh0000489","Tea","http://id.loc.gov/authorities/subjects/sh85132924","subject heading",
"sh0000490","Teaching","http://id.loc.gov/authorities/subjects/sh85133052","subject heading","pedagogy"
"sh0000491","Technology","http://id.loc.gov/authorities/subjects/sh85133147","subject heading",
"sh0000492","Technology--Information services","http://id.loc.gov/authorities/subjects/sh85133156","subject heading",
"sh0000493","Terrorism","http://id.loc.gov/authorities/subjects/sh85134112","subject heading",
"sh0000494","Theater","http://id.loc.gov/authorities/subjects/sh85134522","subject heading",
"sh0000495","Torts","http://id.loc.gov/authorities/subjects/sh85136182","subject heading",
"sh0000496","Translating and interpreting","http://id.loc.gov/authorities/subjects/sh85136958","subject heading",
"sh0000497","Trumpet","http://id.loc.gov/authorities/subjects/sh85138176","subject heading",
"sh0000498","Turkey--Study and teaching","http://id.loc.gov/authorities/subjects/sh85138852","subject heading",
"sh0000499","Twentieth century","http://id.loc.gov/authorities/subjects/sh85139020","subject heading",
"sh0000500","Twenty-first century","http://id.loc.gov/authorities/subjects/sh85139024","subject heading",
"sh0000501","Uganda--History","http://id.loc.gov/authorities/subjects/sh85139283","subject heading",
"sh0000502","United States--Civilization--To 1783","http://id.loc.gov/authorities/subjects/sh85139935","subject heading",
"sh0000503","Constitutional law--United States","http://id.loc.gov/authorities/subjects/sh85139986","subject heading",
"sh0000504","United States--History--Colonial period, ca. 1600-1775","http://id.loc.gov/authorities/subjects/sh85140131","subject heading",
"sh0000505","United States--History--1783-1865","http://id.loc.gov/authorities/subjects/sh85140186","subject heading",
"sh0000506","United States--History--Civil War, 1861-1865","http://id.loc.gov/authorities/subjects/sh85140205","subject heading",
"sh0000507","United States--History--1865-1898","http://id.loc.gov/authorities/subjects/sh85140283","subject heading",
"sh0000508","United States--History--20th century","http://id.loc.gov/authorities/subjects/sh85140291","subject heading",
"sh0000509","United States--Politics and government","http://id.loc.gov/authorities/subjects/sh85140410","subject heading",
"sh0000510","United States--Relations","http://id.loc.gov/authorities/subjects/sh85140497","subject heading",
"sh0000511","United States--Religion","http://id.loc.gov/authorities/subjects/sh85140498","subject heading",
"sh0000512","United States--Study and teaching","http://id.loc.gov/authorities/subjects/sh85140557","subject heading",
"sh0000513","Urban anthropology","http://id.loc.gov/authorities/subjects/sh85141305","subject heading",
"sh0000514","Urbanization","http://id.loc.gov/authorities/subjects/sh85141338","subject heading",
"sh0000515","Urdu language","http://id.loc.gov/authorities/subjects/sh85141343","subject heading",
"sh0000516","Utopian socialism","http://id.loc.gov/authorities/subjects/sh85141634","subject heading",
"sh0000517","Viola","http://id.loc.gov/authorities/subjects/sh85143429","subject heading",
"sh0000518","Violence","http://id.loc.gov/authorities/subjects/sh85143514","subject heading",
"sh0000519","Cello","http://id.loc.gov/authorities/subjects/sh85143658","subject heading",
"sh0000520","Visual communication","http://id.loc.gov/authorities/subjects/sh85143917","subject heading",
"sh0000521","War","http://id.loc.gov/authorities/subjects/sh85145114","subject heading",
"sh0000522","War and society","http://id.loc.gov/authorities/subjects/sh85145155","subject heading",
"sh0000523","Women authors","http://id.loc.gov/authorities/subjects/sh85147456","subject heading",
"sh0000524","Women's studies","http://id.loc.gov/authorities/subjects/sh85147771","subject heading",
"sh0000525","World War, 1939-1945","http://id.loc.gov/authorities/subjects/sh85148273","subject heading",
"sh0000526","Youth","http://id.loc.gov/authorities/subjects/sh85149310","subject heading",
"sh0000527","State, The--Origin","http://id.loc.gov/authorities/subjects/sh86004466","subject heading",
"sh0000528","Islam--History","http://id.loc.gov/authorities/subjects/sh87000556","subject heading",
"sh0000529","Memory (Philosophy)","http://id.loc.gov/authorities/subjects/sh87003875","subject heading",
"sh0000530","Critical theory","http://id.loc.gov/authorities/subjects/sh88002456","subject heading",
"sh0000531","Sacred space","http://id.loc.gov/authorities/subjects/sh88002572","subject heading",
"sh0000532","Political science--Philosophy","http://id.loc.gov/authorities/subjects/sh88004669","subject heading",
"sh0000533","Cold War","http://id.loc.gov/authorities/subjects/sh88005637","subject heading",
"sh0000534","Beat generation","http://id.loc.gov/authorities/subjects/sh88007452","subject heading",
"sh0000535","Public spaces","http://id.loc.gov/authorities/subjects/sh89001287","subject heading",
"sh0000536","Computer science","http://id.loc.gov/authorities/subjects/sh89003285","subject heading",
"sh0000537","Philosophy of mind","http://id.loc.gov/authorities/subjects/sh89004340","subject heading",
"sh0000538","Emotions--Sociological aspects","http://id.loc.gov/authorities/subjects/sh89005675","subject heading",
"sh0000539","Feminist theory","http://id.loc.gov/authorities/subjects/sh90002282","subject heading",
"sh0000540","Labor","http://id.loc.gov/authorities/subjects/sh90004091","subject heading",
"sh0000541","Civil society","http://id.loc.gov/authorities/subjects/sh90004194","subject heading",
"sh0000542","Travel writing","http://id.loc.gov/authorities/subjects/sh91000035","subject heading",
"sh0000543","Literature--Asian American authors","http://id.loc.gov/authorities/subjects/sh91000971","subject heading",
"sh0000544","African Americans--Intellectual life","http://id.loc.gov/authorities/subjects/sh91004344","subject heading",
"sh0000545","African diaspora","http://id.loc.gov/authorities/subjects/sh91005631","subject heading",
"sh0000546","Molecular radiobiology","http://id.loc.gov/authorities/subjects/sh91006137","subject heading",
"sh0000547","Human body--Symbolic aspects","http://id.loc.gov/authorities/subjects/sh92004043","subject heading",
"sh0000548","Culture--Study and teaching","http://id.loc.gov/authorities/subjects/sh93005685","subject heading",
"sh0000549","Mestizaje","http://id.loc.gov/authorities/subjects/sh93008229","subject heading",
"sh0000550","Academic writing","http://id.loc.gov/authorities/subjects/sh93009381","subject heading",
"sh0000551","Development economics","http://id.loc.gov/authorities/subjects/sh94005272","subject heading",
"sh0000552","Russia--Study and teaching","http://id.loc.gov/authorities/subjects/sh94005661","subject heading",
"sh0000553","African Americans in popular culture","http://id.loc.gov/authorities/subjects/sh95003035","subject heading",
"sh0000554","Hip-hop","http://id.loc.gov/authorities/subjects/sh95009601","subject heading",
"sh0000555","Landscapes in literature","http://id.loc.gov/authorities/subjects/sh95010443","subject heading",
"sh0000556","Midwifery","http://id.loc.gov/authorities/subjects/sh96006072","subject heading",
"sh0000557","Cultural property","http://id.loc.gov/authorities/subjects/sh97000183","subject heading",
"sh0000558","Data mining","http://id.loc.gov/authorities/subjects/sh97002073","subject heading",
"sh0000559","Poststructuralism","http://id.loc.gov/authorities/subjects/sh97005237","subject heading",
"sh0000560","Disability studies","http://id.loc.gov/authorities/subjects/sh97005575","subject heading",
"sh0000561","Didactic poetry, Greek","http://id.loc.gov/authorities/subjects/sh97006495","subject heading",
"sh0000562","Postcolonialism","http://id.loc.gov/authorities/subjects/sh97007835","subject heading",
"sh0000563","Political ecology","http://id.loc.gov/authorities/subjects/sh98000945","subject heading",
"sh0000564","Democratization","http://id.loc.gov/authorities/subjects/sh98003467","subject heading",
"sh0000565","Digital media","http://id.loc.gov/authorities/subjects/sh98006600","subject heading",
"sh0000566","Animals (Philosophy)","http://id.loc.gov/authorities/subjects/sh99001056","subject heading",
"sh0000567","Subnational governments","http://id.loc.gov/authorities/subjects/sh99002062","subject heading",
"sh0000568","Qualitative research","http://id.loc.gov/authorities/subjects/sh99004969","subject heading",
"sh0000569","Travel","http://id.loc.gov/authorities/subjects/sh85137149","subject heading",
"sh0000570","Language","http://id.loc.gov/authorities/subjects/sh99005366","subject heading",
"sh0000571","Fluid dynamics","http://id.loc.gov/authorities/subjects/sh99005417","subject heading",
"sh0000572","Globalization","http://id.loc.gov/authorities/subjects/sh99010179","subject heading",
"sh0000573","Orientalism","http://id.loc.gov/authorities/subjects/sh99010610","subject heading",
"sh0000574","new religious movements","http://id.loc.gov/authorities/subjects/sh85034719","subject heading",
"sh0000575","Dante Alighieri, 1265-1321","http://id.loc.gov/authorities/names/n78095495","subject heading",
"sh0000576","Melville, Herman, 1819-1891","http://id.loc.gov/authorities/names/n79006936","subject heading",
"sh0000577","Browning, Elizabeth Barrett, 1806-1861","http://id.loc.gov/authorities/names/n79067862","subject heading",
"sh0000578","Indonesia","http://id.loc.gov/authorities/names/n80083633","subject heading",
"sh0000579","Azurduy F., Carlos A. (Carlos Alberto Azurduy Fuentes), 1956-","http://id.loc.gov/authorities/names/no2012022262","subject heading",
"sh0000580","Specific language impairment in children","http://id.loc.gov/authorities/subjects/sh00002036","subject heading",
"sh0000581","Indigenous peoples--Civil rights","http://id.loc.gov/authorities/subjects/sh2001006129","subject heading",
"sh0000582","Sexual minorities","http://id.loc.gov/authorities/subjects/sh2004003385","subject heading",
"sh0000583","Latin American literature--Indian authors","http://id.loc.gov/authorities/subjects/sh2006005157","subject heading",
"sh0000584","Social media","http://id.loc.gov/authorities/subjects/sh2006007023","subject heading",
"sh0000585","Interpersonal communication and culture","http://id.loc.gov/authorities/subjects/sh2007004990","subject heading",
"sh0000586","AIDS (Disease)--Social aspects--United States","http://id.loc.gov/authorities/subjects/sh2007100932","subject heading",
"sh0000587","Dance--History","http://id.loc.gov/authorities/subjects/sh2008102022","subject heading",
"sh0000588","Economic development--International cooperation","http://id.loc.gov/authorities/subjects/sh2008102545","subject heading",
"sh0000589","Ethics--History","http://id.loc.gov/authorities/subjects/sh2008103326","subject heading",
"sh0000590","Ethnology--History","http://id.loc.gov/authorities/subjects/sh2008103336","subject heading",
"sh0000591","French literature--History and criticism","http://id.loc.gov/authorities/subjects/sh2008104110","subject heading",
"sh0000592","French literature--17th century--History and criticism","http://id.loc.gov/authorities/subjects/sh2008104153","subject heading",
"sh0000593","Geology--West (U.S.)","http://id.loc.gov/authorities/subjects/sh2008105179","subject heading",
"sh0000594","Literature--History and criticism--Theory, etc.--Congresses","http://id.loc.gov/authorities/subjects/sh2008107047","subject heading",
"sh0000595","Political science--Philosophy--History","http://id.loc.gov/authorities/subjects/sh2008109243","subject heading",
"sh0000596","Poetics--History","http://id.loc.gov/authorities/subjects/sh2008109404","subject heading",
"sh0000597","Popular music--History and criticism","http://id.loc.gov/authorities/subjects/sh2008109787","subject heading",
"sh0000598","Africa--Foreign economic relations","http://id.loc.gov/authorities/subjects/sh2008114110","subject heading",
"sh0000599","Hindi language--Study and teaching","http://id.loc.gov/authorities/subjects/sh2008121609","subject heading",
"sh0000600","Social constructionism","http://id.loc.gov/authorities/subjects/sh2009007835","subject heading",
"sh0000601","Medical care--Political aspects--United States","http://id.loc.gov/authorities/subjects/sh2010101188","subject heading",
"sh0000602","Internet personalities","http://id.loc.gov/authorities/subjects/sh2015001935","subject heading",
"sh0000603","Geoinformatics","http://id.loc.gov/authorities/subjects/sh2015002292","subject heading",
"sh0000604","Art--Study and teaching","http://id.loc.gov/authorities/subjects/sh85007505","subject heading",
"sh0000605","Boundaries","http://id.loc.gov/authorities/subjects/sh85016091","subject heading",
"sh0000606","Church history--Primitive and early church, ca. 30-600","http://id.loc.gov/authorities/subjects/sh85025620","subject heading",
"sh0000607","Communication--Sex differences","http://id.loc.gov/authorities/subjects/sh85029039","subject heading",
"sh0000608","Communication, International","http://id.loc.gov/authorities/subjects/sh85029042","subject heading",
"sh0000609","Nonprofit organizations","http://id.loc.gov/authorities/subjects/sh85032985","subject heading",
"sh0000610","Creative ability","http://id.loc.gov/authorities/subjects/sh85033833","subject heading",
"sh0000611","Criticism, Textual","http://id.loc.gov/authorities/subjects/sh85034152","subject heading",
"sh0000612","Dakhini language","http://id.loc.gov/authorities/subjects/sh85035479","subject heading",
"sh0000613","Design","http://id.loc.gov/authorities/subjects/sh85037197","subject heading",
"sh0000614","Diplomacy","http://id.loc.gov/authorities/subjects/sh85038179","subject heading",
"sh0000615","Diseases","http://id.loc.gov/authorities/subjects/sh85038411","subject heading",
"sh0000616","Dissenters","http://id.loc.gov/authorities/subjects/sh85038488","subject heading",
"sh0000617","Education, Humanistic","http://id.loc.gov/authorities/subjects/sh85041070","subject heading",
"sh0000618","Educational technology","http://id.loc.gov/authorities/subjects/sh85041150","subject heading",
"sh0000619","English language--Rhetoric--Study and teaching","http://id.loc.gov/authorities/subjects/sh85043682","subject heading",
"sh0000620","Equality","http://id.loc.gov/authorities/subjects/sh85044503","subject heading","inequality"
"sh0000621","Ethnology--Religious aspects","http://id.loc.gov/authorities/subjects/sh85045202","subject heading",
"sh0000622","Ethnology--Africa","http://id.loc.gov/authorities/subjects/sh85045206","subject heading",
"sh0000623","European literature--Renaissance, 1450-1600","http://id.loc.gov/authorities/subjects/sh85045831","subject heading",
"sh0000624","Fantasy literature","http://id.loc.gov/authorities/subjects/sh85047145","subject heading",
"sh0000625","France--History--17th century","http://id.loc.gov/authorities/subjects/sh85051302","subject heading",
"sh0000626","Geography","http://id.loc.gov/authorities/subjects/sh85053986","subject heading",
"sh0000627","Economic geography","http://id.loc.gov/authorities/subjects/sh85054016","subject heading",
"sh0000628","Geological time","http://id.loc.gov/authorities/subjects/sh85054035","subject heading",
"sh0000629","Geology, Structural","http://id.loc.gov/authorities/subjects/sh85054117","subject heading",
"sh0000630","Geopolitics","http://id.loc.gov/authorities/subjects/sh85054192","subject heading",
"sh0000631","Germanic philology","http://id.loc.gov/authorities/subjects/sh85054442","subject heading",
"sh0000632","Germany--History","http://id.loc.gov/authorities/subjects/sh85054524","subject heading",
"sh0000633","Germany--History--17th century","http://id.loc.gov/authorities/subjects/sh85054563","subject heading",
"sh0000634","Greek poetry","http://id.loc.gov/authorities/subjects/sh85057187","subject heading",
"sh0000635","Harlem Renaissance","http://id.loc.gov/authorities/subjects/sh85058929","subject heading",
"sh0000636","Hebrew language","http://id.loc.gov/authorities/subjects/sh85059867","subject heading",
"sh0000637","Historical linguistics","http://id.loc.gov/authorities/subjects/sh85061192","subject heading",
"sh0000638","Historical sociology","http://id.loc.gov/authorities/subjects/sh85061208","subject heading",
"sh0000639","Housing policy","http://id.loc.gov/authorities/subjects/sh85062639","subject heading",
"sh0000640","Humanitarianism","http://id.loc.gov/authorities/subjects/sh85062912","subject heading",
"sh0000641","Induction (Logic)","http://id.loc.gov/authorities/subjects/sh85065805","subject heading",
"sh0000642","Industrial revolution","http://id.loc.gov/authorities/subjects/sh85065935","subject heading",
"sh0000643","Industrialization","http://id.loc.gov/authorities/subjects/sh85065956","subject heading",
"sh0000644","Instrumental music","http://id.loc.gov/authorities/subjects/sh85066774","subject heading",
"sh0000645","Insurgency","http://id.loc.gov/authorities/subjects/sh85067073","subject heading",
"sh0000646","Intellectuals","http://id.loc.gov/authorities/subjects/sh85067169","subject heading",
"sh0000647","Interdisciplinary approach to knowledge","http://id.loc.gov/authorities/subjects/sh85067232","subject heading",
"sh0000648","International economic integration","http://id.loc.gov/authorities/subjects/sh85067394","subject heading",
"sh0000649","Internationalism","http://id.loc.gov/authorities/subjects/sh85067462","subject heading",
"sh0000650","Islam--India","http://id.loc.gov/authorities/subjects/sh85068411","subject heading",
"sh0000651","Jesus Historicity","http://id.loc.gov/authorities/subjects/sh85070029","subject heading",
"sh0000652","Jews--Germany","http://id.loc.gov/authorities/subjects/sh85070460","subject heading",
"sh0000653","Latin America--Foreign relations--United States","http://id.loc.gov/authorities/subjects/sh85074894","subject heading",
"sh0000654","Literature and science","http://id.loc.gov/authorities/subjects/sh85077571","subject heading",
"sh0000655","Medical economics","http://id.loc.gov/authorities/subjects/sh85082915","subject heading",
"sh0000656","Metamorphism (Geology)","http://id.loc.gov/authorities/subjects/sh85084270","subject heading",
"sh0000657","Musicology","http://id.loc.gov/authorities/subjects/sh85089048","subject heading",
"sh0000658","Muslims--India","http://id.loc.gov/authorities/subjects/sh85089082","subject heading",
"sh0000659","Nutrition","http://id.loc.gov/authorities/subjects/sh85093451","subject heading",
"sh0000660","Performing arts","http://id.loc.gov/authorities/subjects/sh85099818","subject heading",
"sh0000661","Political science--History","http://id.loc.gov/authorities/subjects/sh85104444","subject heading",
"sh0000662","Politics and culture","http://id.loc.gov/authorities/subjects/sh85104468","subject heading",
"sh0000663","Igneous rocks","http://id.loc.gov/authorities/subjects/sh85114769","subject heading",
"sh0000664","Sedimentology","http://id.loc.gov/authorities/subjects/sh85119508","subject heading",
"sh0000665","Senses and sensation","http://id.loc.gov/authorities/subjects/sh85120047","subject heading",
"sh0000666","Skeleton","http://id.loc.gov/authorities/subjects/sh85123119","subject heading",
"sh0000667","Small business","http://id.loc.gov/authorities/subjects/sh85123568","subject heading",
"sh0000668","Social sciences","http://id.loc.gov/authorities/subjects/sh85124003","subject heading",
"sh0000669","Social sciences--Statistical methods","http://id.loc.gov/authorities/subjects/sh85124018","subject heading",
"sh0000670","Socialization","http://id.loc.gov/authorities/subjects/sh85124152","subject heading",
"sh0000671","Sound--Recording and reproducing","http://id.loc.gov/authorities/subjects/sh85125368","subject heading",
"sh0000672","Spanish drama--Classical period, 1500-1700","http://id.loc.gov/authorities/subjects/sh85126239","subject heading",
"sh0000673","United States--Foreign relations--Latin America","http://id.loc.gov/authorities/subjects/sh85140114","subject heading",
"sh0000674","Viola d'amore and viola da gamba music","http://id.loc.gov/authorities/subjects/sh85143479","subject heading",
"sh0000675","Visual literature","http://id.loc.gov/authorities/subjects/sh85143924","subject heading",
"sh0000676","Vocabulary","http://id.loc.gov/authorities/subjects/sh85144057","subject heading",
"sh0000677","Women--Political activity","http://id.loc.gov/authorities/subjects/sh85147597","subject heading",
"sh0000678","Russia--History--1613-1917","http://id.loc.gov/authorities/subjects/sh87004308","subject heading",
"sh0000679","Spain--Colonies","http://id.loc.gov/authorities/subjects/sh89004112","subject heading",
"sh0000680","Geographic information systems","http://id.loc.gov/authorities/subjects/sh90001880","subject heading",
"sh0000681","Hate crimes","http://id.loc.gov/authorities/subjects/sh90002645","subject heading",
"sh0000682","Interactive multimedia","http://id.loc.gov/authorities/subjects/sh90004922","subject heading",
"sh0000683","Gender identity","http://id.loc.gov/authorities/subjects/sh91003756","subject heading",
"sh0000684","Multiculturalism","http://id.loc.gov/authorities/subjects/sh93001610","subject heading",
"sh0000685","Hate speech","http://id.loc.gov/authorities/subjects/sh93004962","subject heading",
"sh0000686","Religious fundamentalism","http://id.loc.gov/authorities/subjects/sh93007053","subject heading",
"sh0000687","Ethnic costume","http://id.loc.gov/authorities/subjects/sh95008187","subject heading",
"sh0000688","Cultural fusion","http://id.loc.gov/authorities/subjects/sh98008087","subject heading",
"sh0000689","historical musicology","http://id.loc.gov/vocabulary/ethnographicTerms/afset008771","subject heading",
"sh0000690","Social institutions","http://id.loc.gov/authorities/subjects/sh85123963","subject heading",
"sh0000691","Economic policy","http://id.loc.gov/authorities/subjects/sh85040837","subject heading",
"sh0000692","Minimum wage","http://id.loc.gov/authorities/subjects/sh85144670","subject heading",
"sh0000693","Employment","http://id.loc.gov/authorities/subjects/sh99005236","subject heading",
"sh0000694","Labor turnover","http://id.loc.gov/authorities/subjects/sh85073736","subject heading",
"sh0000695","Labor turnover--United States","http://id.loc.gov/authorities/subjects/sh2009128443","subject heading",
"sh0000696","Food service","http://id.loc.gov/authorities/subjects/sh85050320","subject heading","restaurant industry"
"sh0000697","Sustainable development","http://id.loc.gov/authorities/subjects/sh92005743","subject heading","Sustainable economic development; Sustainable development--Environmental aspects; Smart growth; ESD (Ecologically sustainable development); Economic sustainability; Economic development, Sustainable; Ecologically sustainable development; Development, Sustainable; green economy"
"sh0000698","Community development, Urban","http://id.loc.gov/authorities/subjects/sh85029220","subject heading","Community development, Urban--Citizen participation; Community development, Urban--Government policy; Community programs, Urban; Neighborhood improvement programs; Urban community development; Urban economic development"
"sh0000699","Strategic planning","http://id.loc.gov/authorities/subjects/sh85128511","subject heading",
"sh0000700","Project management","http://id.loc.gov/authorities/subjects/sh85065919","subject heading",
"sh0000701","Consulting firms","http://id.loc.gov/authorities/subjects/sh93009209","subject heading",
"sh0000702","Entrepreneurship","http://id.loc.gov/authorities/subjects/sh85044149","subject heading",
"sh0000702","Knowledge management","http://id.loc.gov/authorities/subjects/sh97007353","subject heading","personalized knowledge transfer"
"sh0000703","Literature and society--Latin America","http://id.loc.gov/authorities/subjects/sh2008106676","subject heading",
"sh0000704","Latin American literature","http://id.loc.gov/authorities/subjects/sh85074925","subject heading",
"sh0000705","Hispanic Americans in literature","http://id.loc.gov/authorities/subjects/sh94004590","subject heading",
"sh0000706","Hispanic American women in literature","http://id.loc.gov/authorities/subjects/sh94004589","subject heading",
"sh0000707","American literature--Hispanic American authors","http://id.loc.gov/authorities/subjects/sh85004350","subject heading",
"sh0000708","Deviant behavior","http://id.loc.gov/authorities/subjects/sh85037372","subject heading",
"sh0000709","Hispanic Americans--Education","http://id.loc.gov/authorities/subjects/sh2008105640","subject heading",
"sh0000710","Transcultural medical care","http://id.loc.gov/authorities/subjects/sh88004309","subject heading","Cross-cultural medical care; Cross-cultural medicine; Transcultural medicine"
"sh0000711","Human ecology--History","http://id.loc.gov/authorities/subjects/sh2005008408","subject heading","Environmental history"
"sh0000712","Expressionism in motion pictures","http://id.loc.gov/authorities/subjects/sh97000960","subject heading",
"sh0000713","Black nationalism--United States","http://id.loc.gov/authorities/subjects/sh85014593","subject heading",
"sh0000714","Futurism (Literary movement)--Italy","http://id.loc.gov/authorities/subjects/sh2008104222","subject heading",
"sh0000715","Futurism (Literary movement)","http://id.loc.gov/authorities/subjects/sh85052620","subject heading",
"sh0000716","Central America","http://id.loc.gov/authorities/subjects/sh85021871","subject heading",
"sh0000717","Jews--Identity","http://id.loc.gov/authorities/subjects/sh85070419","subject heading",
"sh0000718","Hispanic Americans--Ethnic identity","http://id.loc.gov/authorities/subjects/sh85061055","subject heading",
"sh0000719","Militarism in literature","http://id.loc.gov/authorities/subjects/sh85085128","subject heading",
"sh0000720","Gender identity in literature","http://id.loc.gov/authorities/subjects/sh94004327","subject heading",
"sh0000721","American literature--Hispanic American authors--History and criticism","http://id.loc.gov/authorities/subjects/sh2009114807","subject heading",
"sh0000722","Cosmology in literature","http://id.loc.gov/authorities/subjects/sh85033182","subject heading",
"sh0000723","Utopias in literature","http://id.loc.gov/authorities/subjects/sh85141637","subject heading",
"sh0000724","Humanism","http://id.loc.gov/authorities/subjects/sh85062902","subject heading","Posthumanism"
"sh0000725","Humanity in literature","http://id.loc.gov/authorities/subjects/sh94004726","subject heading",
"sh0000726","Pulp literature, American","http://id.loc.gov/authorities/subjects/sh2006006701","subject heading",
"sh0000727","Pulp literature","http://id.loc.gov/authorities/subjects/sh00004237","subject heading",
"sh0000728","Pragmatism","http://id.loc.gov/authorities/subjects/sh85106059","subject heading",
"sh0000729","Pragmatism in literature","http://id.loc.gov/authorities/subjects/sh94008415","subject heading",
"sh0000730","Kinship care","http://id.loc.gov/authorities/subjects/sh95002585","subject heading",
"sh0000731","Child caregivers","http://id.loc.gov/authorities/subjects/sh98002338","subject heading",
"sh0000732","Caregivers--United States","http://id.loc.gov/authorities/subjects/sh2003009633","subject heading",
"sh0000733","Caregivers","http://id.loc.gov/authorities/subjects/sh88007577","subject heading",
"sh0000734","Older caregivers","http://id.loc.gov/authorities/subjects/sh2010012326","subject heading",
"sh0000735","Caregivers--Family relationships","http://id.loc.gov/authorities/subjects/sh2009118418","subject heading",
"sh0000736","Social mobility","http://id.loc.gov/authorities/subjects/sh85123976","subject heading",
"sh0000737","Art, African","http://id.loc.gov/authorities/subjects/sh85007528","subject heading",
"sh0000738","Popular culture--United States","http://id.loc.gov/authorities/subjects/sh85140482","subject heading",
"sh0000739","United States--Civilization--African influences","http://id.loc.gov/authorities/subjects/sh89004178","subject heading",
"sh0000740","Africa--In popular culture","http://id.loc.gov/authorities/subjects/sh2002003819","subject heading",
"sh0000741","Japan--Religion","http://id.loc.gov/authorities/subjects/sh85069560","subject heading",
"sh0000742","Women and religion","http://id.loc.gov/authorities/subjects/sh85147433","subject heading",
"sh0000743","Mountain worship--Japan","http://id.loc.gov/authorities/subjects/sh85087815","subject heading",
"sh0000744","Mountain worship","http://id.loc.gov/authorities/subjects/sh85087814","subject heading",
"sh0000745","yama (Kanagawa-ken, Japan)","http://id.loc.gov/authorities/subjects/sh94005018","subject heading",
"sh0000746","Pets--Death--Religious aspects--Buddhism, [Christianity, etc.]","http://id.loc.gov/authorities/subjects/sh2009003939","subject heading",
"sh0000747","Pets--Funeral rites and ceremonies","http://id.loc.gov/authorities/subjects/sh2012002206","subject heading",
"sh0000748","Buddhist memorial rites and ceremonies","http://id.loc.gov/authorities/subjects/sh85083488","subject heading",
"sh0000749","Asia--Religion","http://id.loc.gov/authorities/subjects/sh2008114280","subject heading",
"sh0000750","Animals--Religious aspects","http://id.loc.gov/authorities/subjects/sh85005263","subject heading",
"sh0000751","Rastafari movement","http://id.loc.gov/authorities/subjects/sh85111472","subject heading",
"sh0000752","Identification (Religion)","http://id.loc.gov/authorities/subjects/sh85064143","subject heading",
"sh0000753","Jamaica--Religion","http://id.loc.gov/authorities/subjects/sh85069320","subject heading",
"sh0000754","Public welfare","http://id.loc.gov/authorities/subjects/sh85108846","subject heading",
"sh0000755","Arthurian romances--History and criticism","http://id.loc.gov/authorities/subjects/sh2007101474","subject heading",
"sh0000756","Samurai--Social life and customs","http://id.loc.gov/authorities/subjects/sh2010111884","subject heading",
"sh0000757","Samurai","http://id.loc.gov/authorities/subjects/sh85117066","subject heading",
"sh0000758","German poetry--18th century--History and criticism","http://id.loc.gov/authorities/subjects/sh2008105280","subject heading",
"sh0000759","German poetry--18th century","http://id.loc.gov/authorities/subjects/sh85054416","subject heading",
"sh0000760","German poetry","http://id.loc.gov/authorities/subjects/sh85054413","subject heading",
"sh0000761","Aesthetics in literature","http://id.loc.gov/authorities/subjects/sh93007960","subject heading",
"sh0000762","Germany--Intellectual life--18th century","http://id.loc.gov/authorities/subjects/sh85054608","subject heading",
"sh0000763","Philosophy of nature","http://id.loc.gov/authorities/subjects/sh85101004","subject heading",
"sh0000764","Natural law","http://id.loc.gov/authorities/subjects/sh85090244","subject heading",
"sh0000765","Food habits","http://id.loc.gov/authorities/subjects/sh85050275","subject heading",
"sh0000766","Food habits--United States","http://id.loc.gov/authorities/subjects/sh2008103988","subject heading",
"sh0000767","Food--Social aspects","http://id.loc.gov/authorities/subjects/sh2008120936","subject heading",
"sh0000768","Cooking, American--Southern style","http://id.loc.gov/authorities/subjects/sh85031777","subject heading",
"sh0000769","Cooking, American","http://id.loc.gov/authorities/subjects/sh85031773","subject heading",
"sh0000770","Cooking--North Carolina","http://id.loc.gov/authorities/subjects/sh2009121817","subject heading",
"sh0000771","Women--Southern States","http://id.loc.gov/authorities/subjects/sh2010119212","subject heading",
"sh0000772","Southern States--Social life and customs","http://id.loc.gov/authorities/subjects/sh85125663","subject heading",
"sh0000773","North Carolina--Social life and customs","http://id.loc.gov/authorities/subjects/sh85092500","subject heading",
"sh0000774","North Carolina","http://id.loc.gov/authorities/names/n79007042","subject heading",
"sh0000775","Southern States--Social conditions","http://id.loc.gov/authorities/subjects/sh85125661","subject heading",
"sh0000776","Barbecuing","http://id.loc.gov/authorities/subjects/sh85011786","subject heading",
"sh0000777","Appalachian Region","http://id.loc.gov/authorities/subjects/sh85006073","subject heading",
"sh0000778","Women and literature","http://id.loc.gov/authorities/subjects/sh85147430","subject heading",
"sh0000779","Ecofeminism","http://id.loc.gov/authorities/subjects/sh91001601","subject heading",
"sh0000780","Ecofeminism in literature","http://id.loc.gov/authorities/subjects/sh94009061","subject heading",
"sh0000781","Intellectual property","http://id.loc.gov/authorities/subjects/sh85067167","subject heading",
"sh0000782","Trademarks--Law and legislation","http://id.loc.gov/authorities/subjects/sh96009147","subject heading",
"sh0000783","Law and art","http://id.loc.gov/authorities/subjects/sh85075293","subject heading",
"sh0000784","Deceptive advertising","http://id.loc.gov/authorities/subjects/sh85001182","subject heading",
"sh0000785","Advertising","http://id.loc.gov/authorities/subjects/sh85001086","subject heading",
"sh0000786","Plagiarism","http://id.loc.gov/authorities/subjects/sh85102580","subject heading",
"sh0000787","English literature--Early modern, 1500-1700--History and criticism","http://id.loc.gov/authorities/subjects/sh2008119581","subject heading",
"sh0000788","Book industries and trade","http://id.loc.gov/authorities/subjects/sh85015617","subject heading",
"sh0000789","Economics and literature","http://id.loc.gov/authorities/subjects/sh98003728","subject heading",
"sh0000790","Consumption (Economics)","http://id.loc.gov/authorities/subjects/sh85031498","subject heading",
"sh0000791","Authors and patrons","http://id.loc.gov/authorities/subjects/sh85010022","subject heading",
"sh0000792","Politics and literature--Great Britain--History--16th century","http://id.loc.gov/authorities/subjects/sh2008109406","subject heading",
"sh0000793","Politics and literature--Great Britain--History--17th century","http://id.loc.gov/authorities/subjects/sh2008109407","subject heading",
"sh0000794","National characteristics, British, in literature","http://id.loc.gov/authorities/subjects/sh94007445","subject heading",
"sh0000795","Politics and literature","http://id.loc.gov/authorities/subjects/sh85104470","subject heading",
"sh0000796","Literature and history--Great Britain","http://id.loc.gov/authorities/subjects/sh2009129892","subject heading",
"sh0000797","Nationalism in literature","http://id.loc.gov/authorities/subjects/sh85090160","subject heading",
"sh0000798","Renaissance--England","http://id.loc.gov/authorities/subjects/sh2008110695","subject heading",
"sh0000799","Great Britain--In literature","http://id.loc.gov/authorities/subjects/sh2007100286","subject heading",
"sh0000800","England--In literature","http://id.loc.gov/authorities/subjects/sh2008103109","subject heading",
"sh0000801","African American women artists","http://id.loc.gov/authorities/subjects/sh86003834","subject heading",
"sh0000802","African American martial artists","http://id.loc.gov/authorities/subjects/sh94009312","subject heading",
"sh0000803","African American artists","http://id.loc.gov/authorities/subjects/sh85001794","subject heading",
"sh0000804","Found objects (Art)","http://id.loc.gov/authorities/subjects/sh85051044","subject heading",
"sh0000805","Papermaking","http://id.loc.gov/authorities/subjects/sh85097657","subject heading",
"sh0000806","Neurosciences","http://id.loc.gov/authorities/subjects/sh91006099","subject heading",
"sh0000807","Language disorders","http://id.loc.gov/authorities/subjects/sh85074558","subject heading",
"sh0000808","Language disorders in children","http://id.loc.gov/authorities/subjects/sh85074559","subject heading",
"sh0000809","Autism","http://id.loc.gov/authorities/subjects/sh85010038","subject heading",
"sh0000810","Autism spectrum disorders","http://id.loc.gov/authorities/subjects/sh2008009581","subject heading",
"sh0000811","Children with autism spectrum disorders","http://id.loc.gov/authorities/subjects/sh2011000549","subject heading",
"sh0000812","Autism in children--Treatment","http://id.loc.gov/authorities/subjects/sh2009116383","subject heading",
"sh0000813","Autism spectrum disorders in children","http://id.loc.gov/authorities/subjects/sh2011000550","subject heading",
"sh0000814","Small business--India","http://id.loc.gov/authorities/subjects/sh2008111752","subject heading",
"sh0000815","Textile industry--India","http://id.loc.gov/authorities/subjects/sh2008112821","subject heading",
"sh0000816","Textile industry","http://id.loc.gov/authorities/subjects/sh85134373","subject heading",
"sh0000817","World Trade Organization","http://id.loc.gov/authorities/names/no94018277","subject heading",
"sh0000818","Clothing trade","http://id.loc.gov/authorities/subjects/sh85027174","subject heading",
"sh0000819","South Asian cooperation","http://id.loc.gov/authorities/subjects/sh86006689","subject heading",
"sh0000820","Asia--Economic integration","http://id.loc.gov/authorities/subjects/sh2008114267","subject heading",
"sh0000821","Bible","http://id.loc.gov/authorities/subjects/sh85013576","subject heading",
"sh0000822","Evangelicalism--United States","http://id.loc.gov/authorities/subjects/sh2008103362","subject heading",
"sh0000823","Diplomats--United States--Biography","http://id.loc.gov/authorities/subjects/sh2008102280","subject heading",
"sh0000824","Political consultants--United States--Biography","http://id.loc.gov/authorities/subjects/sh2008109554","subject heading",
"sh0000825","College teachers--United States--Biography","http://id.loc.gov/authorities/subjects/sh2008100536","subject heading",
